referrer_source,referrer_name,location_city,total_visitors,total_sessions
Direct,,,39753,39850
Direct,,Ashburn,16112,16115
Direct,,Mountain View,6122,6122
Direct,,Las Vegas,4600,4601
Direct,,Council Bluffs,564,564
Direct,,Boardman,556,556
Direct,,North Adams,334,390
Direct,,Alexandria,78,319
Search,Google,,228,231
Direct,,Des Moines,74,149
Direct,,Berthoud,10,95
Unknown,,Beijing,78,78
Direct,,Adams,58,68
Direct,,Columbus,68,68
Direct,,Washington,39,61
Unknown,,,53,56
Direct,,Montreal,52,54
Direct,,Broomfield,13,53
Direct,,Odesa,34,52
Direct,,Beauharnois,49,49
Direct,,Minneapolis,24,48
Social,Facebook,,47,48
Direct,,Lafayette,9,47
Direct,,Clifton,45,45
Direct,,Seattle,36,42
Direct,,Tucson,12,41
Direct,,San Francisco,22,41
Direct,,Denver,14,35
Unknown,,San Jose,34,34
Unknown,,Zhengzhou,33,33
Direct,,Colorado Springs,22,31
Social,Instagram,,31,31
Search,Google,Portland,28,30
Search,Bing,,28,28
Direct,,Chicago,20,28
Social,Pinterest,,27,28
Direct,,San Jose,27,27
Search,Google,Alexandria,15,26
Direct,,Louisville,8,24
Direct,,Lawrenceville,8,22
Direct,,Saint Paul,12,22
Direct,,Edmonton,15,21
Direct,,Los Angeles,20,21
Direct,,Cedar Park,7,21
Direct,,Beijing,21,21
Direct,,Toronto,12,21
Search,Google,Los Angeles,19,21
Unknown,,Alexandria,16,21
Direct,,Palm Coast,16,21
Search,Google,Seattle,20,21
Direct,,Rochester,6,20
Direct,,Vancouver,13,20
Search,Google,Minneapolis,20,20
Direct,,Queens,13,19
Direct,,Ponte Vedra Beach,5,19
Direct,,Burke,4,18
Search,Google,Chicago,18,18
Direct,,Silver Spring,10,18
Search,Google,Washington,16,17
Direct,,New York,11,17
Search,Google,Vancouver,17,17
Direct,,Portland,11,17
Direct,,Buffalo,16,16
Direct,,Albuquerque,11,16
Direct,,Moita,13,16
Direct,,Knoxville,9,15
Direct,,Baltimore,9,15
Search,Google,New York,14,15
Search,Google,Houston,13,14
Direct,,Farmington,6,14
Unknown,,Shanghai,14,14
Direct,,Philadelphia,4,14
Direct,,Herndon,8,13
Direct,,Flagstaff,4,13
Direct,,Potomac,2,13
Search,Google,Saint Paul,11,12
Search,Google,Denver,11,12
Direct,,The Dalles,12,12
Search,Google,Philadelphia,11,12
Direct,,North Charleston,12,12
Direct,,Houston,7,11
Direct,,Schenectady,3,11
Direct,,Atlanta,6,11
Direct,,Westbrook,3,11
Direct,,Arlington,10,10
Direct,,Frankfurt am Main,10,10
Direct,,Chaska,4,10
Direct,,Elmhurst,6,10
Direct,,Kherson,5,10
Search,Google,Albuquerque,8,10
Direct,,Tysons Corner,7,10
Direct,,Montclair,10,10
Direct,,West Warwick,5,10
Search,Google,Charlotte,8,9
Social,Instagram,Albuquerque,8,9
Direct,,Paris,9,9
Search,Google,Arlington,9,9
Search,Google,Brooklyn,9,9
Direct,,Astoria,2,9
Direct,,Kansas City,9,9
Direct,,Everett,3,9
Search,Google,Belgrade,9,9
Search,Google,San Diego,9,9
Direct,,Gaithersburg,3,9
Direct,,East Islip,2,8
Direct,,Povoa de Lanhoso,4,8
Direct,,Richmond,2,8
Direct,,Wilmington,5,8
Search,Google,Toronto,8,8
Direct,,Lisbon,4,8
Direct,,Sterling,2,8
Search,Google,Broomfield,5,8
Social,Facebook,Albuquerque,7,8
Direct,,Murrysville,2,8
Search,Google,Atlanta,8,8
Direct,,Dublin,8,8
Direct,,Madison,6,8
Social,Instagram,Alexandria,6,8
Search,Google,Phoenix,8,8
Direct,,Urbandale,1,8
Direct,,Miami,6,7
Direct,,Charlotte,7,7
Direct,,Roost,7,7
Direct,,Austin,7,7
Direct,,Kitty Hawk,3,7
Direct,,Cumberland,2,7
Search,Google,Pittsburgh,6,7
Search,Google,Cincinnati,4,7
Direct,,Greencastle,5,7
Direct,,Brooklyn,6,7
Search,Google,Dallas,6,7
Direct,,Cheyenne,7,7
Direct,,Sioux Falls,7,7
Direct,,Placentia,7,7
Direct,,Amsterdam,5,7
Direct,,Odessa,4,7
Direct,,Marblehead,4,7
Direct,,Uniontown,3,7
Direct,,Oakland,6,7
Direct,,San Antonio,5,7
Search,Google,Montreal,7,7
Search,Google,Calgary,7,7
Direct,,Oswego,1,7
Direct,,Littleton,4,7
Direct,,Calgary,5,7
Direct,,Bethesda,4,7
Social,Facebook,Lawrenceville,3,7
Search,Google,Austin,7,7
Search,Google,Silver Spring,5,7
Unknown,,Palm Coast,4,7
Unknown,,Putian,6,6
Unknown,,Broomfield,1,6
Direct,,Sanford,5,6
Search,Google,Berthoud,4,6
Direct,,Wasilla,1,6
Direct,,Dronten,6,6
Direct,,La Grande,2,6
Direct,,Phoenix,6,6
Search,Google,Cleveland,6,6
Direct,,Cambridge,4,6
Unknown,,Seattle,6,6
Search,Google,Sacramento,6,6
Direct,,Cedar Falls,6,6
Unknown,,Washington,6,6
Search,Google,Cedar Park,4,6
Search,Google,Salt Lake City,6,6
Direct,,Springfield,6,6
Search,Google,Las Vegas,6,6
Direct,,Lancaster,4,6
Direct,,Upper Marlboro,5,6
Search,Google,Adams,6,6
Search,Google,Tampa,6,6
Direct,,Dallas,6,6
Search,Google,Nashville,6,6
Direct,,London,6,6
Social,Instagram,San Diego,5,5
Direct,,Milwaukee,2,5
Direct,,Haines City,5,5
Search,Google,Madison,5,5
Direct,,North Bergen,5,5
Direct,,Aldie,3,5
Direct,,Walnut Creek,1,5
Search,Google,Springfield,5,5
Direct,,Nuremberg,5,5
Direct,,Boston,4,5
Direct,,Sunnyvale,3,5
Social,Instagram,Vancouver,5,5
Direct,,Willow Spring,3,5
Search,Google,Mountain View,5,5
Search,Google,Kansas City,3,5
Direct,,Pittsburgh,2,5
Direct,,Fort St. John,1,5
Search,Google,Orlando,5,5
Direct,,Elkridge,2,5
Direct,,Boydton,5,5
Search,Google,Detroit,5,5
Direct,,Riverview,5,5
Search,Google,Cambridge,5,5
Search,Google,Walnut Creek,3,5
Search,Google,Buffalo,5,5
Search,Google,Brisbane,5,5
Direct,,Gainesville,5,5
Unknown,,Montijo,1,5
Direct,,Lakewood,3,5
Direct,,Youngstown,5,5
Direct,,Wilkes-Barre,4,5
Direct,,São Paulo,2,5
Search,Google,Auckland,5,5
Search,Google,Sidney,2,5
Direct,,Athens,2,5
Direct,,De Witt,5,5
Direct,,Nottingham,3,5
Search,Google,Xiamen,5,5
Direct,,Bayamón,1,5
Direct,,Pembroke,4,4
Direct,,Fond du Lac,1,4
Direct,,Phoenixville,2,4
Direct,,Lexington Park,3,4
Direct,,Grand Rapids,2,4
Direct,,Vienna,4,4
Direct,,Prescott,2,4
Direct,,Essex,1,4
Direct,,Chevy Chase,3,4
Direct,,Bothell,3,4
Direct,,Zhengzhou,4,4
Search,Google,Knoxville,4,4
Search,Google,San Francisco,4,4
Search,Google,Colorado Springs,3,4
Unknown,,Los Angeles,4,4
Search,Google,Baltimore,4,4
Unknown,,Povoa de Lanhoso,2,4
Direct,,Christiansburg,4,4
Search,Google,London,4,4
Social,Instagram,San Francisco,4,4
Search,Google,Columbus,4,4
Search,Google,Ottawa,4,4
Social,Instagram,New York,4,4
Search,Google,Birmingham,3,4
Search,Google,San Jose,4,4
Search,Google,Berlin,4,4
Direct,,Roanoke,4,4
Direct,,Auburn,3,4
Direct,,West Orange,4,4
Direct,,Nashville,2,4
Search,DuckDuckGo,,4,4
Unknown,,Burke,4,4
Direct,,Reston,4,4
Direct,,Falls Church,3,4
Search,Google,Ponte Vedra Beach,4,4
Search,Google,Spokane,4,4
Social,Instagram,Los Angeles,4,4
Unknown,,Moita,2,4
Search,Google,Marietta,3,4
Unknown,,Glen Burnie,2,4
Direct,,Manheim,1,4
Unknown,,Arlington,4,4
Direct,,La Jolla,4,4
Direct,,Harrisburg,4,4
Direct,,Katy,3,4
Direct,,Naples,2,4
Direct,,Winston-Salem,1,4
Direct,,Ottawa,3,4
Direct,,Berezivka,2,4
Search,Google,Auburn,4,4
Search,Google,Herndon,4,4
Direct,,Edgewater,3,4
Direct,,Jacksonville,4,4
Direct,,North Canton,1,4
Search,Google,Rumson,1,4
Direct,,Hanford,1,4
Direct,,Sydney,4,4
Direct,,Kensington,4,4
Search,Google,Edmonton,4,4
Direct,,Centreville,4,4
Direct,,Leesburg,4,4
Direct,,San Mateo,2,4
Search,Google,New Canaan,1,3
Social,Instagram,Springfield,3,3
Search,Google,Oklahoma City,3,3
Social,Instagram,Potomac,2,3
Search,Google,Sheffield,3,3
Social,Instagram,Atlanta,3,3
Direct,,Fairfax,3,3
Search,Google,North Adams,2,3
Direct,,Montijo,1,3
Direct,,New Plymouth,3,3
Search,Google,Beaverton,3,3
Search,Google,Elizabeth,3,3
Direct,,Dover,2,3
Search,Google,Bucharest,3,3
Search,Google,Oslo,3,3
Search,Google,Grand Junction,2,3
Search,Google,Odessa,3,3
Search,Google,Louisville,3,3
Direct,,Omaha,1,3
Social,Pinterest,Nanaimo,3,3
Search,Yahoo!,Chicago,1,3
Direct,,Fredericksburg,2,3
Search,Google,The Bronx,3,3
Search,Google,Nyack,1,3
Search,Google,Lawrenceville,3,3
Direct,,Crosby,1,3
Direct,,Chattanooga,2,3
Search,Google,Ashland,3,3
Search,Google,Fairfax,3,3
Search,Google,Elkridge,2,3
Search,Google,Columbia,3,3
Social,Instagram,Calgary,2,3
Direct,,Bremerton,2,3
Social,Facebook,Anaheim,3,3
Direct,,West Chester,2,3
Direct,,Temecula,2,3
Unknown,,Falls Church,3,3
Direct,,York,1,3
Direct,,New London,3,3
Search,Google,Brampton,3,3
Search,Google,St Louis,3,3
Direct,,Warsaw,2,3
Search,Google,Gainesville,3,3
Search,Google,Airdrie,2,3
Unknown,,Santa Clara,2,3
Direct,,Escondido,2,3
Search,Google,Belleville,3,3
Direct,,Santa Clara,3,3
Direct,,Norwood,3,3
Direct,,Smithfield,1,3
Search,Google,Oxford House,3,3
Direct,,Jackson,2,3
Search,Google,Concord,2,3
Social,Instagram,Seattle,2,3
Search,Google,Tempe,3,3
Search,Google,San Antonio,3,3
Search,Google,Woodland,2,3
Direct,,Ashland,3,3
Direct,,Jackson Heights,2,3
Search,Google,Clayton,3,3
Search,Google,Sarasota,3,3
Direct,,Branson,1,3
Direct,,Contoocook,2,3
Search,Google,Albany,3,3
Search,Google,Brno,2,3
Search,Google,Round Rock,1,3
Direct,,Southampton,2,3
Search,Google,Sykesville,3,3
Direct,,Highland,2,3
Social,Instagram,Minneapolis,3,3
Social,Pinterest,Cyberjaya,1,3
Search,Google,Rochester,3,3
Social,Pinterest,Kelowna,2,3
Direct,,Sacramento,3,3
Social,Facebook,Bedford,2,3
Unknown,,Ashburn,1,3
Social,Facebook,Boulder,2,3
Direct,,Nogent-le-Rotrou,3,3
Direct,,Greenville,3,3
Social,Facebook,Phoenix,2,3
Search,Google,Medford,3,3
Search,Google,Roxbury,1,3
Search,Google,Bellevue,3,3
Direct,,Rockledge,1,3
Direct,,Bangor,2,3
Direct,,Stillwater,2,3
Search,Google,Lehigh Acres,3,3
Direct,,New Orleans,3,3
Direct,,Hopkins,3,3
Direct,,Portsmouth,3,3
Search,Google,Rockville,3,3
Direct,,Bend,1,3
Search,Google,Lebanon,3,3
Direct,,Leominster,1,3
Search,Google,Kathmandu,2,3
Direct,,Granbury,1,3
Search,Google,Panama City,2,3
Direct,,Stafford,1,3
Direct,,Kalispell,2,3
Search,Google,Melbourne,3,3
Direct,,Heverlee,3,3
Search,Google,Athens,3,3
Search,Google,Lancaster,3,3
Direct,,Collinsville,3,3
Search,Google,Aurora,3,3
Search,Google,Jakarta,3,3
Direct,,Annandale,2,3
Search,Google,Palm Coast,3,3
Search,Google,Dover,3,3
Direct,,Rome,1,3
Search,Google,Farmington,3,3
Direct,,Williamsburg,2,3
Search,Google,Dublin,3,3
Direct,,Battle Creek,3,3
Search,Google,Bend,3,3
Search,Google,Sanford,2,3
Search,Google,Fond du Lac,2,3
Search,Google,Greensboro,3,3
Search,Google,Raleigh,3,3
Direct,,Detroit,2,3
Search,Google,Des Moines,3,3
Social,Facebook,Richmond,2,2
Social,Instagram,North Adams,2,2
Search,Google,Scottsdale,2,2
Direct,,Spring Hill,1,2
Direct,,Kill Devil Hills,2,2
Direct,,Oklahoma City,2,2
Search,Google,Burnsville,2,2
Search,Google,Santo Domingo Este,1,2
Social,Instagram,Victoria,1,2
Search,Google,Fort Myers,2,2
Direct,,Stamford,2,2
Direct,,Reseda,2,2
Social,Instagram,Seaford,2,2
Search,Google,Rome,2,2
Direct,,Paradise Valley,1,2
Search,Google,Sierville,1,2
Search,Google,Grand Blanc,2,2
Direct,,Santa Fe,1,2
Social,Instagram,Lafayette,1,2
Search,Google,Mumbai,2,2
Search,Google,Providence,2,2
Direct,,Mount Juliet,2,2
Search,Google,San Rafael,2,2
Search,Google,Windsor,2,2
Direct,,Salt Lake City,2,2
Search,Google,Glasgow,2,2
Unknown,,Chicago,2,2
Direct,,Halethorpe,1,2
Direct,,Olathe,2,2
Search,Google,Warwick,2,2
Direct,,Belleview,1,2
Search,Google,Esslingen am Neckar,2,2
Search,Google,Singapore,2,2
Search,Google,Cockeysville,2,2
Social,Instagram,Santa Fe,2,2
Direct,,Newark,2,2
Social,Facebook,Gaithersburg,2,2
Social,Instagram,Naperville,1,2
Direct,,Brunswick,2,2
Direct,,Berlin,2,2
Direct,,Midlothian,2,2
Direct,,Warren,1,2
Social,Pinterest,Huntington Beach,2,2
Direct,,Juneau,2,2
Direct,,Jaipur,2,2
Unknown,,Westminster,2,2
Search,Google,Ames,2,2
Search,Google,Whitehall,1,2
Search,Google,Stratford,2,2
Social,Instagram,Elkridge,1,2
Search,Google,Everett,2,2
Direct,,Centerville,1,2
Search,Google,Auburndale,2,2
Direct,,Seoul,2,2
Direct,,Düsseldorf,2,2
Direct,,Sauk Rapids,1,2
Search,Google,Decatur,2,2
Social,Facebook,Boston,1,2
Search,Google,Tacoma,2,2
Direct,,Staffordsville,2,2
Direct,,Spring,2,2
Social,Facebook,St Louis,2,2
Unknown,,Philadelphia,2,2
Search,Google,Maplewood,1,2
Direct,,Westminster,2,2
Direct,,Manassas,2,2
Direct,,Doncaster,2,2
Search,Google,Quezon,2,2
Direct,,Renton,2,2
Direct,,St. Catharines,2,2
Search,Google,Adelaide,2,2
Direct,,Kelseyville,2,2
Unknown,,Savski Venac,1,2
Direct,,Hampton,1,2
Search,Google,Narberth,2,2
Direct,,Topeka,1,2
Direct,,Hyderabad,2,2
Direct,,Hanoi,2,2
Search,Google,Canonsburg,2,2
Direct,,Chalcis,1,2
Search,Google,Ann Arbor,2,2
Direct,,Oxford House,2,2
Search,Google,Taipei,2,2
Search,Google,Leicester,2,2
Search,Google,Burlington,2,2
Search,Google,Port Colborne,1,2
Search,Google,Reading,2,2
Direct,,Byron,2,2
Search,Google,Surprise,2,2
Search,Google,Whittier,2,2
Direct,,Wheeling,1,2
Search,Google,Winona,2,2
Search,Google,Hagerstown,2,2
Direct,,Wickliffe,1,2
Search,Google,Camp Hill,2,2
Social,Instagram,Brampton,2,2
Social,Facebook,California,2,2
Direct,,Mumbai,2,2
Direct,,Liberty,2,2
Direct,,Pančevo,1,2
Social,Facebook,Des Moines,2,2
Direct,,Belgrade,1,2
Direct,,Wayne City,1,2
Search,Google,Maria,2,2
Search,Google,Miami,2,2
Search,Google,Bothell,2,2
Search,Google,Avon,2,2
Search,Google,Milford,2,2
Direct,,Decatur,2,2
Unknown,,Odesa,2,2
Direct,,Garden City,1,2
Search,Google,West Warwick,2,2
Social,Pinterest,Boise,1,2
Direct,,Visalia,2,2
Direct,,Lehi,2,2
Search,Google,Santa Clara,2,2
Search,Google,Victoria,2,2
Search,Google,Gloucester,2,2
Search,Google,Saskatoon,2,2
Search,Google,Hamilton,2,2
Search,Google,Georgetown,2,2
Search,Google,Astoria,2,2
Search,Google,Roseville,2,2
Search,Google,Mascot,1,2
Social,Pinterest,Cleveland,1,2
Search,Google,Fort Lauderdale,2,2
Search,Google,Anaheim,2,2
Direct,,Chandler,2,2
Search,Google,Wellington,2,2
Search,Google,Redding,2,2
Direct,,Chisinau,2,2
Search,Google,Lucknow,2,2
Search,Google,Hillsboro,2,2
Search,Google,Sydney,2,2
Direct,,Concord,2,2
Search,Google,Trenton,2,2
Social,Pinterest,Kendallville,1,2
Search,Google,Regina,2,2
Direct,,California,2,2
Direct,,Glen Allen,1,2
Social,Pinterest,Danielson,2,2
Search,Google,Santa Fe,1,2
Direct,,Burlington,2,2
Direct,,Wesley Chapel,1,2
Search,Google,Kaohsiung City,2,2
Direct,,Stockbridge,1,2
Search,Google,Falls Church,2,2
Social,Instagram,Jacksonville,2,2
Search,Google,Guwahati,2,2
Direct,,Media,2,2
Search,Google,Portsmouth,2,2
Search,Google,Tucson,2,2
Search,Google,Hayward,2,2
Direct,,Tuscaloosa,1,2
Direct,,White Stone,2,2
Search,Google,Mississauga,2,2
Email,Gmail,Saint Paul,1,2
Direct,,Dalton,2,2
Search,Google,Chelmsford,2,2
Direct,,Aylesbury,2,2
Direct,,Eugene,1,2
Search,Google,Princeton,2,2
Direct,,Cranberry Township,1,2
Direct,,Bellevue,2,2
Direct,,Airdrie,1,2
Direct,,Leicester,2,2
Search,Google,Faribault,2,2
Direct,,Akron,2,2
Search,Google,Rancho Palos Verdes,2,2
Search,Google,Loveland,1,2
Search,Google,Vienna,2,2
Search,Google,West Chester,2,2
Direct,,Sharon,2,2
Direct,,Mississauga,2,2
Search,Google,O'Fallon,2,2
Social,Facebook,Tempe,2,2
Direct,,Plymouth,2,2
Direct,,Red Wing,2,2
Direct,,West Islip,1,2
Social,Facebook,Atlanta,2,2
Social,Instagram,Taos,2,2
Direct,,Secaucus,2,2
Social,Instagram,Istanbul,2,2
Direct,,Raleigh,2,2
Search,Google,Bremerton,2,2
Direct,,Stratford,1,2
Social,Instagram,Edmonton,1,2
Social,Facebook,Fort Worth,2,2
Direct,,Hopkinsville,1,2
Direct,,Chelsea,1,2
Social,Instagram,Hyattsville,1,2
Social,Facebook,Dallas,2,2
Unknown,,Singapore,2,2
Direct,,Lake Forest,2,2
Direct,,Binghamton,2,2
Direct,,Coventry,1,2
Search,Google,Manchester,2,2
Search,Google,Keene,2,2
Direct,,Owatonna,2,2
Social,Facebook,Ashland,2,2
Search,Google,Winter Park,1,2
Search,Google,Canyon Country,2,2
Search,Google,California,1,2
Social,Facebook,Evansville,2,2
Search,Google,Boise,2,2
Direct,,Delhi,2,2
Direct,,Hendersonville,2,2
Search,Google,Irvine,2,2
Unknown,,Odessa,1,2
Search,Google,Chaska,2,2
Search,Google,Modesto,2,2
Search,Google,Bethel,2,2
Search,Google,La Grande,2,2
Search,Google,Indianapolis,2,2
Search,Google,Mesa,2,2
Social,Pinterest,Peabody,2,2
Direct,,Sylvania,2,2
Search,Google,Berkeley,2,2
Unknown,,Warrenton,2,2
Search,Google,São Paulo,2,2
Social,Instagram,Fredericksburg,1,2
Direct,,St Louis,2,2
Direct,,Oxford,2,2
Social,Pinterest,Brussels,2,2
Unknown,,Richmond,2,2
Search,Google,Perth,2,2
Direct,,Hagerstown,2,2
Search,Google,Tokyo,2,2
Unknown,,Portsmouth,1,2
Direct,,Campbell,1,2
Search,Google,Amsterdam,2,2
Search,Google,Arvada,2,2
Search,Google,Champaign,2,2
Direct,,Severna Park,2,2
Unknown,,Rockville,2,2
Direct,,Providence Forge,2,2
Unknown,,Culpeper,1,2
Search,Google,Frederick,2,2
Search,Google,Cologne,2,2
Social,Pinterest,Rotterdam,2,2
Search,Google,Drayton Valley,1,2
Search,Google,Johannesburg,1,2
Direct,,Milford,2,2
Search,Google,Santa Monica,2,2
Unknown,,Birmingham,2,2
Search,Google,Oakland,2,2
Search,Google,Wichita,2,2
Social,Pinterest,Izmir,2,2
Search,Google,Chesapeake,2,2
Direct,,Anoka,1,2
Search,DuckDuckGo,San Francisco,2,2
Search,Google,Lynn,2,2
Search,DuckDuckGo,Edmonton,2,2
Direct,,Crete,1,2
Direct,,Waterford,2,2
Direct,,Prescott Valley,1,2
Search,Google,Hendersonville,2,2
Search,Google,San Bruno,2,2
Search,Google,Lakewood,2,2
Social,Pinterest,Monroe,2,2
Search,Google,Fort Wayne,2,2
Search,Google,Bethesda,1,2
Search,Google,Branson,2,2
Social,Pinterest,Chicago,2,2
Direct,,Belleville,2,2
Direct,,Claymont,2,2
Search,Google,Irving,1,2
Social,Pinterest,Ankara,2,2
Search,Google,Lafayette,2,2
Search,Google,Leesburg,2,2
Social,Pinterest,Columbus,2,2
Search,Google,Reno,2,2
Direct,,Bel Air,1,2
Search,Google,Villa Park,1,2
Search,Google,Long Beach,2,2
Search,Google,Kiel,2,2
Direct,,San Diego,2,2
Direct,,Stowe,2,2
Direct,,Nilphamari,1,2
Search,Google,Gig Harbor,2,2
Search,Google,Barrie,2,2
Search,Google,Schenectady,2,2
Social,Instagram,St Louis,2,2
Search,Google,Leavenworth,2,2
Search,Google,Akron,2,2
Search,Google,Gilbert,2,2
Search,Google,Clifton,2,2
Search,Google,Essex Junction,2,2
Direct,,Woking,2,2
Direct,,Dundalk,2,2
Social,Instagram,Phoenix,2,2
Search,Google,Lowell,2,2
Direct,,Boca Raton,2,2
Search,Google,Ormond Beach,2,2
Social,Instagram,Toronto,2,2
Search,Google,Milton,2,2
Direct,,Janesville,2,2
Search,Google,Oceanside,2,2
Search,Google,Troy,2,2
Direct,,Syracuse,2,2
Direct,,Poznan,1,2
Direct,,Johnstown,1,2
Social,Instagram,Richmond,2,2
Direct,,Laguna Hills,1,2
Direct,,Lorton,1,2
Search,Google,Durham,2,2
Search,Google,Hingham,1,2
Search,Google,Erie,2,2
Direct,,Liberty Hill,2,2
Direct,,Avon,1,2
Social,Instagram,Sherman Oaks,2,2
Direct,,Reading,1,2
Search,Google,Glendale,2,2
Search,Google,Shirley,2,2
Direct,,San Clemente,2,2
Email,Gmail,Haines City,2,2
Direct,,Moneta,1,2
Search,Google,Blenheim,1,2
Direct,,Burlingame,1,2
Search,Google,Woodbridge,2,2
Direct,,Quakenbrueck,1,2
Search,Google,Middletown,2,2
Search,Google,Tel Aviv,2,2
Search,Google,Springdale,2,2
Search,Google,Clovis,2,2
Direct,,Fairfield,2,2
Direct,,Bedford,2,2
Search,Google,Santa Rosa,2,2
Search,Google,Iowa City,2,2
Search,Google,Red Deer,2,2
Search,Google,Massena,1,2
Direct,,Chester,2,2
Search,Google,Jersey City,2,2
Direct,,Milan,2,2
Direct,,Eau Claire,2,2
Direct,,Honolulu,2,2
Search,Google,Niort,1,2
Direct,,Chagrin Falls,2,2
Search,Google,Pflugerville,2,2
Direct,,Hesperia,1,2
Social,Pinterest,Plainfield,2,2
Search,Google,Monroe,1,2
Email,Yahoo! Mail,Ashland,1,1
Search,Google,Fremont,1,1
Search,Google,Yuma,1,1
Social,Facebook,Gallup,1,1
Search,Google,Mt. Pleasant,1,1
Social,Facebook,Eagle,1,1
Search,Google,Chula Vista,1,1
Social,Facebook,Oakland,1,1
Search,Google,Palmyra,1,1
Social,Facebook,Brunswick,1,1
Search,Google,Livingston,1,1
Social,Facebook,Simi Valley,1,1
Search,Google,Zephyrhills,1,1
Search,Google,Rocky Point,1,1
Search,Google,Goshen,1,1
Search,Google,Mahomet,1,1
Search,Google,Vista,1,1
Social,Facebook,Berkeley,1,1
Search,Google,Renton,1,1
Social,Facebook,Mullica Hill,1,1
Search,Google,San Mateo,1,1
Social,Facebook,Enid,1,1
Search,Google,Mitchelton,1,1
Search,Google,Bangor,1,1
Search,Google,Tidewater,1,1
Search,Google,New Westminster,1,1
Search,Google,Baton Rouge,1,1
Direct,,New Britain,1,1
Social,Facebook,Wilmington,1,1
Social,Instagram,Alajuela,1,1
Direct,,Idaho Falls,1,1
Unknown,,Dunn Loring,1,1
Direct,,Teresina,1,1
Social,Instagram,Langhorne,1,1
Direct,,Villenave-d'Ornon,1,1
Search,Google,Clemmons,1,1
Social,Instagram,Lacey,1,1
Search,Google,Blackstone,1,1
Unknown,,Makati City,1,1
Direct,,Harrisonburg,1,1
Social,Pinterest,Brantford,1,1
Direct,,Fort Atkinson,1,1
Search,Google,Batonyterenye,1,1
Direct,,Quezon,1,1
Search,Google,Chester,1,1
Social,Facebook,Carlisle,1,1
Search,Google,Grayslake,1,1
Direct,,Lima,1,1
Social,Instagram,Charlotte,1,1
Search,Google,Olive Branch,1,1
Search,Google,Franklin,1,1
Social,Instagram,East Lansing,1,1
Direct,,St Peter Port,1,1
Search,Bing,Warrenton,1,1
Direct,,Westford,1,1
Search,Google,Miami Beach,1,1
Direct,,Germantown,1,1
Search,Google,Ahmedabad,1,1
Search,Google,Methuen,1,1
Social,Pinterest,Vadodara,1,1
Direct,,Schnecksville,1,1
Unknown,,Thousand Oaks,1,1
Direct,,Montross,1,1
Social,Pinterest,Abingdon,1,1
Search,Google,Mayet,1,1
Search,Google,Maracay,1,1
Direct,,Kenosha,1,1
Social,Pinterest,Edenton,1,1
Direct,,Bozeman,1,1
Unknown,,Raleigh,1,1
Social,Facebook,Arlington,1,1
Unknown,,New Delhi,1,1
Social,Facebook,Rio Rancho,1,1
Search,Google,Surat,1,1
Direct,,Livermore,1,1
Social,Instagram,Guilford,1,1
Direct,,Hemel Hempstead,1,1
Search,Google,Viña del Mar,1,1
Search,Google,Galanta,1,1
Social,Instagram,Thetford Center,1,1
Direct,,Annapolis,1,1
Direct,,Greeley,1,1
Social,Instagram,Milton Keynes,1,1
Direct,,Durban,1,1
Search,Yahoo!,Taos,1,1
Direct,,Wyandotte,1,1
Social,Instagram,Beaverton,1,1
Search,Google,Randers,1,1
Search,Google,Oswego,1,1
Direct,,Apex,1,1
Social,Instagram,Fort Lauderdale,1,1
Search,Google,Malone,1,1
Search,Yandex,Barda,1,1
Direct,,Sungai Buloh,1,1
Social,Instagram,Leuven,1,1
Direct,,Port Saint Lucie,1,1
Search,Google,Memphis,1,1
Search,Google,Grand Prairie,1,1
Social,Pinterest,Davison,1,1
Direct,,Kailua,1,1
Unknown,,Ellesmere,1,1
Direct,,Nea Ionia,1,1
Social,Pinterest,Uhrichsville,1,1
Search,Google,Barrow in Furness,1,1
Search,Google,Kent,1,1
Direct,,West Chicago,1,1
Social,Pinterest,Vantaa,1,1
Direct,,Cockermouth,1,1
Search,Google,Boyertown,1,1
Direct,,Camarillo,1,1
Search,Google,Newark,1,1
Search,Google,Wermatswil,1,1
Search,Google,Dehradun,1,1
Search,Google,Parlin,1,1
Social,Pinterest,Louisville,1,1
Direct,,Monroe,1,1
Unknown,,Barquisimeto,1,1
Search,Google,Moreno Valley,1,1
Social,Pinterest,Salem,1,1
Search,Google,Glencoe,1,1
Search,Google,Runnemede,1,1
Email,Gmail,San Diego,1,1
Unknown,,Tallahassee,1,1
Social,Facebook,Colorado Springs,1,1
Search,Google,Zagreb,1,1
Social,Facebook,Courtenay,1,1
Social,Instagram,Buffalo,1,1
Social,Facebook,Mount Holly,1,1
Search,Google,Manassas,1,1
Social,Facebook,Hingham,1,1
Social,Instagram,Peterborough,1,1
Search,Google,Apple Valley,1,1
Search,Google,Lutherville,1,1
Direct,,Ridgeland,1,1
Search,Google,Cavite City,1,1
Search,Google,Kyiv,1,1
Search,Google,Whitehaven,1,1
Search,Google,Plymouth,1,1
Social,Instagram,El Paso,1,1
Direct,,São Tomé,1,1
Search,Google,Englewood,1,1
Search,Google,Maikammer,1,1
Social,Instagram,Incheon,1,1
Direct,,Roudnice nad Labem,1,1
Direct,,Waldoboro,1,1
Social,Instagram,Peabody,1,1
Direct,,Langley,1,1
Search,DuckDuckGo,Harrisburg,1,1
Search,Google,Billings,1,1
Search,Google,Niagara-on-the-Lake,1,1
Direct,,Clarksburg,1,1
Search,Google,El Dorado,1,1
Direct,,Coshocton,1,1
Social,Instagram,Lewisville,1,1
Search,Google,Chandigarh,1,1
Search,Yahoo!,Tijuana,1,1
Direct,,Thessaloniki,1,1
Search,Google,Alhambra,1,1
Search,Google,Salem,1,1
Search,Google,Bengaluru,1,1
Direct,,Moscow,1,1
Social,Instagram,Columbia,1,1
Search,Google,Heimdal,1,1
Search,Bing,New Orleans,1,1
Search,Google,Albano Laziale,1,1
Social,Instagram,Ridgetown,1,1
Direct,,Sebastopol,1,1
Search,Google,Bicester,1,1
Search,Google,Canandaigua,1,1
Social,Instagram,Salt Lake City,1,1
Direct,,Payette,1,1
Search,Ecosia,Washington,1,1
Search,Google,Durango,1,1
Social,Instagram,Rio Rancho,1,1
Direct,,Batavia,1,1
Search,Google,Vero Beach,1,1
Direct,,Homer,1,1
Social,Pinterest,Bel Air,1,1
Direct,,Nappanee,1,1
Search,Google,Canaseraga,1,1
Search,Google,Newburgh,1,1
Social,Pinterest,Hinton,1,1
Direct,,Buckfield,1,1
Search,Google,Newport Beach,1,1
Direct,,Cokato,1,1
Social,Pinterest,Oconomowoc,1,1
Direct,,Chalfont,1,1
Unknown,,Central,1,1
Search,Google,Stockbridge,1,1
Social,Pinterest,Greenwich,1,1
Direct,,Burbank,1,1
Search,Google,Savannah,1,1
Search,Google,Anchorage,1,1
Social,Pinterest,Edmonton,1,1
Direct,,Cēsis,1,1
Unknown,,Paignton,1,1
Direct,,Lake City,1,1
Search,Google,Holden,1,1
Direct,,Keene,1,1
Search,Google,Paterson,1,1
Direct,,Fremont,1,1
Social,Pinterest,Qualicum Beach,1,1
Search,Google,Dorchester,1,1
Search,Google,Arlington Heights,1,1
Direct,,Cupertino,1,1
Social,Pinterest,Calgary,1,1
Search,Google,Azoia,1,1
Search,Google,Uckfield,1,1
Direct,,Winter Park,1,1
Social,Pinterest,Cobleskill,1,1
Direct,,North Wilkesboro,1,1
Search,Google,Karns City,1,1
Direct,,Canaan,1,1
Social,Pinterest,Orleans,1,1
Direct,,Aalborg,1,1
Search,Google,Ludhiana,1,1
Direct,,Laguna Niguel,1,1
Search,Google,Cookeville,1,1
Direct,,Napa,1,1
Unknown,,Johor Bahru,1,1
Direct,,Delmar,1,1
Social,Pinterest,Caratinga,1,1
Email,AOL Mail,Tucson,1,1
Search,Google,Sterling,1,1
Direct,,Tinley Park,1,1
Search,Google,Highland Park,1,1
Direct,,Rockville,1,1
Search,Google,Cedar Grove,1,1
Social,Facebook,Hagerstown,1,1
Search,Google,St. Petersburg,1,1
Search,Google,Winchester,1,1
Search,Google,Milwaukee,1,1
Search,Google,Ellisville,1,1
Unknown,,Longueuil,1,1
Social,Facebook,Queen Creek,1,1
Search,Google,Tillsonburg,1,1
Search,Google,Hunters Hill,1,1
Social,Instagram,Covina,1,1
Social,Facebook,Minneapolis,1,1
Search,Google,Henderson,1,1
Social,Facebook,Salt Lake City,1,1
Search,Google,Ankeny,1,1
Social,Facebook,Bend,1,1
Search,Google,Villeurbanne,1,1
Search,Google,Warsaw,1,1
Social,Instagram,Fresno,1,1
Search,Google,Bilbao,1,1
Search,Google,Waldwick,1,1
Search,Google,Beaver Dam,1,1
Social,Instagram,St. Thomas,1,1
Direct,,Millsboro,1,1
Search,Google,Abu Dhabi,1,1
Search,Google,Rocky River,1,1
Social,Instagram,Saint Simons Island,1,1
Direct,,Redwood City,1,1
Search,Google,Hyderabad,1,1
Search,Google,Pompano Beach,1,1
Social,Instagram,Lapeer,1,1
Direct,,Cypress,1,1
Search,Google,Hamburg,1,1
Direct,,Hyattsville,1,1
Social,Instagram,Delmar,1,1
Search,Google,Langeskov,1,1
Search,Google,Monterrey,1,1
Search,Google,Jüri,1,1
Social,Instagram,Irving,1,1
Direct,,Toledo,1,1
Search,DuckDuckGo,Harwich,1,1
Search,Google,Pueblo,1,1
Social,Instagram,Fort Collins,1,1
Direct,,Palm Beach Gardens,1,1
Search,Google,Norfolk,1,1
Social,Instagram,Belfast,1,1
Direct,,North Fitzroy,1,1
Search,DuckDuckGo,Portsmouth,1,1
Search,Google,Pittsburg,1,1
Social,Instagram,Easton,1,1
Search,Google,Meadville,1,1
Search,Google,Sewickley,1,1
Direct,,Schwegenheim,1,1
Social,Instagram,Pamplona,1,1
Direct,,Lahore,1,1
Search,Google,Bassersdorf,1,1
Search,Google,Frasnes-lez-Anvaing,1,1
Social,Instagram,Daly City,1,1
Search,Google,Oldenburg,1,1
Search,Google,Taos,1,1
Search,Google,Port Coquitlam,1,1
Social,Instagram,Colorado Springs,1,1
Direct,,Richland,1,1
Search,Yahoo!,Los Angeles,1,1
Direct,,Mansfield,1,1
Search,Google,Wheatley,1,1
Search,Google,Delaware,1,1
Search,Google,Lewisville,1,1
Search,Google,Brentwood,1,1
Social,Instagram,Spencerport,1,1
Search,Google,Mouliherne,1,1
Search,Bing,Fairfield,1,1
Direct,,New Albany,1,1
Search,Google,Poughquag,1,1
Direct,,Torrance,1,1
Search,Google,West Palm Beach,1,1
Direct,,Woodbridge,1,1
Social,Instagram,Parkville,1,1
Search,Google,Ecorse,1,1
Search,Bing,Ruffs Dale,1,1
Search,Google,Klaipėda,1,1
Social,Instagram,Philadelphia,1,1
Direct,,Greer,1,1
Search,Google,Scituate,1,1
Direct,,Minot,1,1
Social,Instagram,Wasilla,1,1
Direct,,Mugla,1,1
Search,Bing,Berthoud,1,1
Direct,,Burgas,1,1
Social,Instagram,North Branford,1,1
Search,Google,Medicine Hat,1,1
Search,Google,Sebastopol,1,1
Search,Google,Acworth,1,1
Social,Instagram,San Juan,1,1
Search,Google,Spring Valley,1,1
Search,Yandex,Bengaluru,1,1
Direct,,Latham,1,1
Social,Instagram,Houston,1,1
Direct,,Winnie,1,1
Search,Google,Mooloolabah,1,1
Search,Google,Bruges,1,1
Search,Google,Boynton Beach,1,1
Direct,,Glenview,1,1
Search,Baidu,,1,1
Direct,,Massillon,1,1
Social,Instagram,Waldkirch,1,1
Direct,,Weil am Rhein,1,1
Search,Google,Sierra Vista,1,1
Direct,,Columbia,1,1
Social,Instagram,Olympia,1,1
Direct,,Peliyagoda,1,1
Unknown,,Novi Sad,1,1
Direct,,Lynn,1,1
Social,Pinterest,Yankton,1,1
Direct,,Trabuco Canyon,1,1
Search,Google,Taoyuan District,1,1
Search,Google,Rogers,1,1
Social,Pinterest,Smyrna,1,1
Direct,,Rossosh',1,1
Unknown,,Melbourne,1,1
Search,Google,Fayetteville,1,1
Social,Pinterest,Santa Cruz dos Milagres,1,1
Search,Google,Kochi,1,1
Search,Google,Shepton Mallet,1,1
Direct,,Bramming,1,1
Social,Pinterest,Telavi,1,1
Direct,,Grand Island,1,1
Unknown,,Cerritos,1,1
Direct,,Aberdeen,1,1
Search,Google,Lynwood,1,1
Search,Google,Spring Grove,1,1
Search,Google,Clapham,1,1
Direct,,Dresden,1,1
Search,Google,Meridian,1,1
Direct,,Baldwin Park,1,1
Unknown,,Seongnam-si,1,1
Direct,,Winnipeg,1,1
Social,Pinterest,Avellaneda,1,1
Search,Google,Rapid City,1,1
Search,Google,Gmina Śrem,1,1
Direct,,Newport News,1,1
Social,Pinterest,Clovis,1,1
Search,Google,Oak Hill,1,1
Unknown,,Brentwood,1,1
Direct,,Montgomery,1,1
Social,Pinterest,Ottawa,1,1
Direct,,Barcelona,1,1
Search,Google,Berwick,1,1
Direct,,Wooster,1,1
Social,Pinterest,Bridgewater,1,1
Direct,,Casablanca,1,1
Unknown,,Quincy-Voisins,1,1
Search,Google,Vaughn,1,1
Social,Pinterest,Southampton,1,1
Search,Google,Windsor Locks,1,1
Search,Google,Valparaiso,1,1
Search,Google,Bayamón,1,1
Social,Pinterest,Gillingham,1,1
Direct,,Roscoe,1,1
Unknown,,Greenbelt,1,1
Direct,,Cheltenham,1,1
Social,Pinterest,Sammamish,1,1
Direct,,Tacoma,1,1
Search,Google,Harvard,1,1
Direct,,Lawrence,1,1
Social,Pinterest,Kernersville,1,1
Direct,,Wildomar,1,1
Search,Google,Miniota,1,1
Search,Google,Ebersdorf bei Coburg,1,1
Social,Pinterest,Zagreb,1,1
Search,Google,Waverly,1,1
Search,Google,Reston,1,1
Direct,,Eagle Mountain,1,1
Search,Google,Marbella,1,1
Search,Google,Bristol,1,1
Unknown,,Manassas,1,1
Search,Google,Berne,1,1
Social,Pinterest,Northallerton,1,1
Search,Google,Kuala Lumpur,1,1
Search,Google,Stirling,1,1
Direct,,Seongnam-si,1,1
Social,Pinterest,Newark,1,1
Direct,,Denton,1,1
Unknown,,Valencia,1,1
Search,Google,Clarkesville,1,1
Social,Pinterest,Woodstock,1,1
Search,Google,Cibubur,1,1
Search,Google,Bellingham,1,1
Search,Google,Leeds,1,1
Social,Pinterest,Imsida,1,1
Direct,,Rostov-on-Don,1,1
Search,Google,Quincy,1,1
Direct,,Ludhiana,1,1
Social,Pinterest,Nipigon,1,1
Search,Google,Borlänge,1,1
Search,Google,Bloomfield,1,1
Direct,,Sidney,1,1
Social,Pinterest,Newport,1,1
Direct,,Guatemala City,1,1
Unknown,,Dartmouth,1,1
Direct,,Ashby,1,1
Search,Google,Brooksville,1,1
Email,AOL Mail,,1,1
Search,Google,Cranberry Township,1,1
Email,Gmail,Denver,1,1
Search,Google,Eastham,1,1
Direct,,Skopje,1,1
Search,Google,Rimouski,1,1
Email,Yahoo! Mail,Lawrenceville,1,1
Search,Google,Boca Raton,1,1
Search,Google,Berea,1,1
Search,Google,Corte Madera,1,1
Social,Facebook,Indianapolis,1,1
Unknown,,Liège,1,1
Social,Facebook,Nea Ionia,1,1
Search,Google,Kensington,1,1
Social,Facebook,Camarillo,1,1
Search,Google,Wilmette,1,1
Social,Facebook,Sun City,1,1
Search,Google,Bern,1,1
Social,Facebook,Port Saint Lucie,1,1
Unknown,,Moneta,1,1
Social,Facebook,Sunnyvale,1,1
Search,Google,Ambler,1,1
Search,Google,Rikovice,1,1
Social,Instagram,Peachtree Corners,1,1
Social,Facebook,San Francisco,1,1
Search,Google,North Bend,1,1
Social,Facebook,South Milwaukee,1,1
Social,Instagram,Reston,1,1
Social,Facebook,Cedar Rapids,1,1
Search,Google,Fort Worth,1,1
Social,Facebook,Milford,1,1
Social,Instagram,Jackson,1,1
Social,Facebook,Largo,1,1
Search,Google,Rehoboth Beach,1,1
Social,Facebook,Anchorage,1,1
Social,Instagram,Milwaukee,1,1
Search,Google,Timișoara,1,1
Search,Google,Stephens City,1,1
Social,Facebook,Coventry,1,1
Social,Instagram,Norfolk,1,1
Social,Facebook,Philadelphia,1,1
Search,Google,Saddle River,1,1
Search,Google,New Port Richey,1,1
Search,Google,Falmouth,1,1
Search,Google,Quarryville,1,1
Search,Google,Chirpan,1,1
Search,Google,Sedalia,1,1
Social,Instagram,Santa Monica,1,1
Direct,,Quincy,1,1
Search,Google,West Liberty,1,1
Search,Google,Grass Valley,1,1
Social,Instagram,Everett,1,1
Search,Google,College Station,1,1
Search,Google,Metlika,1,1
Direct,,Skelmersdale,1,1
Social,Instagram,Lodi,1,1
Direct,,Daly City,1,1
Search,Google,Shepshed,1,1
Search,Google,Rotterdam,1,1
Social,Instagram,Wernersville,1,1
Direct,,Cody,1,1
Search,Google,Düsseldorf,1,1
Search,Google,Oviedo,1,1
Search,Google,Mason City,1,1
Direct,,Atascadero,1,1
Search,Google,Riverview,1,1
Search,Google,Cwmbran,1,1
Search,Google,Jacksonville,1,1
Direct,,Appleton,1,1
Search,Google,Egg Harbor,1,1
Search,Google,Calliope,1,1
Social,Instagram,Murfreesboro,1,1
Direct,,Eden Prairie,1,1
Search,Google,Charlottetown,1,1
Search,Google,Old Town,1,1
Social,Instagram,Parker,1,1
Direct,,Sherman,1,1
Search,Google,Tijuana,1,1
Direct,,Flushing,1,1
Social,Instagram,Clapham,1,1
Search,Google,Burgettstown,1,1
Search,Google,Topeka,1,1
Direct,,Fort Myers,1,1
Social,Instagram,Lawrence,1,1
Search,Google,Chambersburg,1,1
Search,Google,Castle Rock,1,1
Direct,,Gilbert,1,1
Search,Google,Mount Kisco,1,1
Direct,,Orland Park,1,1
Search,Google,Nedasova Lhota,1,1
Direct,,Redford,1,1
Social,Instagram,Stoughton,1,1
Search,Google,Sparks,1,1
Search,DuckDuckGo,Shoreham,1,1
Search,Google,New Delhi,1,1
Social,Instagram,Kirkland,1,1
Direct,,Geneva,1,1
Direct,,Walled Lake,1,1
Social,Instagram,Portland,1,1
Search,Google,West Fargo,1,1
Search,DuckDuckGo,Los Altos,1,1
Search,Google,Valley Center,1,1
Search,Google,Prosper,1,1
Direct,,Dorchester,1,1
Search,Google,Bermondsey,1,1
Search,Google,Hebron,1,1
Search,Google,Patrington,1,1
Direct,,Lipova,1,1
Search,DuckDuckGo,Oakdale,1,1
Search,Google,Grand Forks,1,1
Social,Instagram,Canoga Park,1,1
Direct,,Kingman,1,1
Search,Google,Brasília,1,1
Search,Google,Chingford,1,1
Social,Instagram,Chesapeake,1,1
Direct,,Hinckley,1,1
Search,DuckDuckGo,Toronto,1,1
Search,Google,Sammamish,1,1
Social,Instagram,Gloucester,1,1
Direct,,Vallejo,1,1
Search,Google,Summerville,1,1
Search,Google,Welwyn Garden City,1,1
Social,Instagram,Rochester,1,1
Direct,,Avella,1,1
Search,DuckDuckGo,Gilmer,1,1
Search,Google,Bexley,1,1
Social,Instagram,Upland,1,1
Direct,,Amherst,1,1
Search,Google,Federal Way,1,1
Search,Google,Sonoma,1,1
Search,Google,Owings Mills,1,1
Direct,,Wilkinson,1,1
Search,Yahoo!,Haines City,1,1
Direct,,Avignon,1,1
Social,Instagram,Edmond,1,1
Direct,,Roseville,1,1
Search,Google,Olympia,1,1
Direct,,Providence,1,1
Social,Instagram,Lompoc,1,1
Direct,,Balham,1,1
Search,Yahoo!,Middletown,1,1
Direct,,Doylestown,1,1
Social,Instagram,Munich,1,1
Direct,,Carrollton,1,1
Search,Google,Olathe,1,1
Search,Google,Glassboro,1,1
Social,Instagram,Fairport,1,1
Direct,,Champaign,1,1
Search,Bing,Cleveland,1,1
Search,Google,Gillette,1,1
Social,Instagram,Cape Town,1,1
Direct,,Medford,1,1
Search,Google,Nicholasville,1,1
Search,Google,Corvallis,1,1
Social,Instagram,Northridge,1,1
Direct,,Querétaro City,1,1
Search,Bing,Harrisonburg,1,1
Direct,,Palo Alto,1,1
Search,Google,Clarksville,1,1
Direct,,Tempe,1,1
Search,Google,Shawnee,1,1
Search,Google,Woodbine,1,1
Social,Instagram,Atlantic Beach,1,1
Direct,,Zurich,1,1
Search,Bing,Tacoma,1,1
Search,Google,Needingworth,1,1
Search,Google,Southington,1,1
Direct,,Katonah,1,1
Search,Google,Krakow,1,1
Search,Google,Collingswood,1,1
Social,Instagram,Burbank,1,1
Direct,,Goodyear,1,1
Search,Bing,White Pigeon,1,1
Direct,,Enskede-Arsta-Vantoer,1,1
Social,Instagram,Plymouth,1,1
Direct,,Bluffton,1,1
Search,Google,Cirencester,1,1
Search,Google,Bangkok,1,1
Social,Instagram,Parksville,1,1
Direct,,Hingham,1,1
Search,Google,Wilmington,1,1
Search,Google,Simpsonville,1,1
Social,Instagram,Erie,1,1
Search,Google,Hanley Swan,1,1
Search,Google,Harrisonburg,1,1
Direct,,Louveciennes,1,1
Social,Instagram,Elmhurst,1,1
Search,Google,Nonglard,1,1
Search,Bing,Phoenixville,1,1
Search,Google,Elk Grove Village,1,1
Social,Instagram,Gilbert,1,1
Direct,,Springdale,1,1
Search,Google,Palm Desert,1,1
Direct,,Busan,1,1
Social,Instagram,Longueuil,1,1
Direct,,North Miami Beach,1,1
Search,Yandex,Samara,1,1
Search,Google,Boydton,1,1
Social,Instagram,Stittsville,1,1
Direct,,Brookline,1,1
Search,Google,White House,1,1
Direct,,Shangzhen,1,1
Social,Instagram,Madison,1,1
Search,Google,Kristiansand,1,1
Search,Yandex,St Petersburg,1,1
Direct,,Londonderry,1,1
Social,Instagram,Warren,1,1
Direct,,Janakpur Dham,1,1
Search,Google,Valencia,1,1
Direct,,Canton,1,1
Social,Instagram,Yokohama,1,1
Direct,,Gurgaon,1,1
Search,Baidu,Hangzhou,1,1
Search,Google,Cape Town,1,1
Social,Instagram,Liberty,1,1
Social,Instagram,Brooklyn,1,1
Search,Google,Orange,1,1
Direct,,Bradenton,1,1
Social,Instagram,Serrinha,1,1
Direct,,Merrillville,1,1
Search,Google,Chelsea,1,1
Search,Google,Andover,1,1
Social,Instagram,Kernersville,1,1
Direct,,Andover,1,1
Search,Google,Daman,1,1
Search,Google,Sherwood Park,1,1
Social,Instagram,Mauldin,1,1
Search,Google,Carlton North,1,1
Search,Google,Belle Glade,1,1
Direct,,Wilton,1,1
Search,Google,Stillwater,1,1
Direct,,Cleveland,1,1
Search,Google,Pittsfield,1,1
Search,Google,Bradenton,1,1
Social,Pinterest,Richmond,1,1
Search,Google,Somerset,1,1
Search,Google,Carapicuiba,1,1
Search,Google,Santa Barbara,1,1
Social,Pinterest,Sunnybank,1,1
Direct,,Carlsbad,1,1
Search,Google,Croydon,1,1
Search,Google,Brighton East,1,1
Social,Pinterest,Knoxville,1,1
Direct,,Belvedere Tiburon,1,1
Search,Google,Lawrence,1,1
Search,Google,Tumkūr,1,1
Search,Google,Ephraim,1,1
Direct,,Mount Prospect,1,1
Search,Google,Omaha,1,1
Direct,,Zelienople,1,1
Social,Pinterest,Victoria,1,1
Search,Google,Ypsilanti,1,1
Unknown,,Amsterdam,1,1
Direct,,Cagayan de Oro,1,1
Social,Pinterest,Cornelius,1,1
Search,Google,Warner Robins,1,1
Search,Google,Ashburn,1,1
Direct,,Hilliard,1,1
Social,Pinterest,Klippan,1,1
Direct,,Knox,1,1
Unknown,,Stafford,1,1
Direct,,Auckland,1,1
Search,Google,Chesterfield,1,1
Direct,,Rugby,1,1
Search,Google,Spearfish,1,1
Search,Google,Ciudad Valles,1,1
Social,Pinterest,Woodland Park,1,1
Search,Google,Littleton,1,1
Search,Google,Stratford-upon-Avon,1,1
Direct,,Stoney Creek,1,1
Social,Pinterest,Amsterdam,1,1
Search,Google,Hanover,1,1
Search,Google,Worcester,1,1
Direct,,Arcata,1,1
Social,Pinterest,Saint-Lambert,1,1
Search,Google,Kingsport,1,1
Unknown,,Kitty Hawk,1,1
Direct,,Whangarei,1,1
Social,Pinterest,Mesa,1,1
Direct,,Churubusco,1,1
Search,Google,Queens,1,1
Search,Google,Sloatsburg,1,1
Social,Pinterest,Salt Lake City,1,1
Direct,,Lagos,1,1
Search,Google,Vilnius,1,1
Direct,,Heraklion,1,1
Social,Pinterest,Mission Viejo,1,1
Direct,,Istanbul,1,1
Search,Google,Dunnellon,1,1
Direct,,Payson,1,1
Social,Pinterest,Mexico City,1,1
Direct,,Carthage,1,1
Unknown,,Haberfield,1,1
Search,Google,Chichester,1,1
Social,Pinterest,Denver,1,1
Search,Google,Nashua,1,1
Search,Google,Fuzhou,1,1
Search,Google,Brainerd,1,1
Social,Pinterest,Mirna,1,1
Search,Google,Newbury Park,1,1
Unknown,,Midlothian,1,1
Search,Google,Beverly,1,1
Social,Pinterest,Bandung,1,1
Direct,,Bucharest,1,1
Search,Google,Azusa,1,1
Search,Google,Chattanooga,1,1
Social,Pinterest,Moreno Valley,1,1
Search,Google,Oak Park,1,1
Unknown,,Juneau,1,1
Search,Google,Tavistock,1,1
Search,Google,Eden Prairie,1,1
Direct,,Rancho Santa Margarita,1,1
Search,Google,Custer,1,1
Direct,,Delano,1,1
Social,Pinterest,St. John's,1,1
Search,Google,Carteret,1,1
Search,Google,Azle,1,1
Direct,,San Geronimo,1,1
Social,Pinterest,Bolivar,1,1
Search,Google,Nuremberg,1,1
Search,Google,Pasadena,1,1
Search,Google,Maipu,1,1
Social,Pinterest,Eden,1,1
Search,Google,Mount Brydges,1,1
Search,Google,Conover,1,1
Direct,,Varnville,1,1
Social,Pinterest,Federal Way,1,1
Search,Google,Eau Claire,1,1
Search,Google,Carson,1,1
Direct,,Piscataway,1,1
Social,Pinterest,Ballwin,1,1
Search,Google,Port Elgin,1,1
Search,Google,Charleston,1,1
Direct,,Viana do Castelo,1,1
Social,Pinterest,North Bergen,1,1
Direct,,Oranjestad,1,1
Search,Google,Roscoe,1,1
Search,Google,Seongnam-si,1,1
Social,Pinterest,Meridian,1,1
Search,Google,Rochdale,1,1
Unknown,,Elmhurst,1,1
Search,Google,Terre Haute,1,1
Social,Pinterest,Istanbul,1,1
Direct,,South Jordan,1,1
Search,Google,Coweta,1,1
Direct,,Macon,1,1
Social,Pinterest,Guatemala City,1,1
Search,Google,Linköping,1,1
Unknown,,Carlsbad,1,1
Search,Google,New Cross,1,1
Social,Pinterest,Jakarta,1,1
Search,Google,Groton,1,1
Search,Google,Overland Park,1,1
Search,Google,Nogales,1,1
Social,Pinterest,Falmouth,1,1
Search,Google,Chongqing,1,1
Unknown,,Bethesda,1,1
Search,Google,Central,1,1
Search,Google,Redwood City,1,1
Direct,,Nairobi,1,1
Search,Google,Riyadh,1,1
Search,Google,West Mifflin,1,1
Social,Pinterest,Valognes,1,1
Search,Google,Dunfermline,1,1
Unknown,,Balneário Camboriú,1,1
Search,Google,Long Branch,1,1
Social,Pinterest,Redding,1,1
Search,Google,Mooresville,1,1
Search,Google,Trego,1,1
Direct,,Cincinnati,1,1
Social,Pinterest,Bangor,1,1
Direct,,Bolton,1,1
Unknown,,Stratford,1,1
Search,Google,Northallerton,1,1
Social,Pinterest,Krakow,1,1
Search,Google,Great Yarmouth,1,1
Search,Google,Groveport,1,1
Direct,,Gelsenkirchen,1,1
Social,Pinterest,Granada Hills,1,1
Search,Google,Brossard,1,1
Unknown,,White Stone,1,1
Direct,,Kidbrooke,1,1
Social,Pinterest,Lancaster,1,1
Direct,,Trabzon,1,1
Search,Google,Laurelton,1,1
Search,Google,Stewartstown,1,1
Social,Pinterest,Los Lunas,1,1
Direct,,San Anselmo,1,1
Search,Google,Plattsburg,1,1
Search,Google,Winsford,1,1
Social,Pinterest,Los Alcazares,1,1
Direct,,Kamoke,1,1
Search,Google,Findlay,1,1
Direct,,Powell River,1,1
Social,Pinterest,Winter Park,1,1
Direct,,Royal Oak,1,1
Search,Google,Petaluma,1,1
Direct,,Puyallup,1,1
Social,Pinterest,Bend,1,1
Direct,,Porter,1,1
Search,Google,Richmond Hill,1,1
Direct,,Ecru,1,1
Social,Pinterest,Elizabethtown,1,1
Direct,,Sherman Oaks,1,1
Unknown,,Portland,1,1
Search,Google,Thunder Bay,1,1
Social,Pinterest,Konya,1,1
Direct,,Ankeny,1,1
Search,Google,Davenport,1,1
Direct,,Birkirkara,1,1
Social,Pinterest,Kissimmee,1,1
Email,Outlook.com,Halifax,1,1
Unknown,,Coquitlam,1,1
Direct,,Marshall,1,1
Social,Pinterest,Ciudad Juárez,1,1
Email,Gmail,Elmhurst,1,1
Search,Google,Reykjavik,1,1
Email,Gmail,Springfield,1,1
Social,Facebook,Superior,1,1
Direct,,Málaga,1,1
Unknown,,New York,1,1
Email,Gmail,Harrisburg,1,1
Search,Google,Wausau,1,1
Direct,,Fort Walton Beach,1,1
Search,Google,Kidderminster,1,1
Direct,,Victoria,1,1
Search,Google,Paskov,1,1
Email,Yahoo! Mail,Saginaw,1,1
Unknown,,Brooklyn,1,1
Direct,,Spencerville,1,1
Unknown,,Armadale,1,1
Social,Facebook,Murrysville,1,1
Search,Google,Minnetonka,1,1
Search,Google,Haddon Heights,1,1
Unknown,,Waldorf,1,1
Social,Facebook,Buford,1,1
Search,Google,Owensboro,1,1
Social,Facebook,Huntingtown,1,1
Unknown,,Linggang,1,1
Social,Facebook,Milpitas,1,1
Search,Google,The Dalles,1,1
Social,Facebook,Mesa,1,1
Unknown,,Fremantle,1,1
Search,Google,Ukiah,1,1
Search,Google,Ampliacion San Antonio,1,1
Social,Facebook,Berkeley Springs,1,1
Unknown,,Vienna,1,1
Search,Google,Copenhagen,1,1
Search,Google,Luray,1,1
Search,Google,Dayton,1,1
Search,Google,Edison,1,1
Social,Facebook,Snellville,1,1
Search,Google,Winnetka,1,1
Social,Facebook,Santa Cruz,1,1
Unknown,,Chantilly,1,1
Social,Facebook,Alexandria,1,1
Search,Google,Banning,1,1
Search,Google,Annecy,1,1
Unknown,,Silver Spring,1,1
Social,Facebook,Monaca,1,1
Search,Google,Edgewood,1,1
Social,Facebook,Hull,1,1
Search,Google,Altamonte Springs,1,1
Search,Google,Indore,1,1
Search,Google,Coraopolis,1,1
Social,Facebook,Lexington Park,1,1
Social,Instagram,Kissimmee,1,1
Search,Google,Vergennes,1,1
Search,Google,Siliguri,1,1
Search,Google,Keller,1,1
Social,Instagram,Panorama City,1,1
Social,Facebook,Tucson,1,1
Search,Google,Lake Worth,1,1
Social,Facebook,Charlotte,1,1
Social,Instagram,Weimar,1,1
Social,Facebook,Springfield,1,1
Search,Google,Mission Hills,1,1
Social,Facebook,Suitland,1,1
Social,Instagram,San Jose,1,1
Social,Facebook,Austin,1,1
Search,Google,Hudson,1,1
Social,Facebook,Mountain View,1,1
Social,Instagram,San Mateo,1,1
Social,Facebook,Boise,1,1
Search,Google,Nottingham,1,1
Social,Facebook,San Diego,1,1
Social,Instagram,Tomball,1,1
Social,Facebook,Santa Fe,1,1
Search,Google,Vincentown,1,1
Social,Facebook,Spring,1,1
Social,Instagram,Centerburg,1,1
Social,Facebook,Thousand Oaks,1,1
Search,Google,Fishers,1,1
Social,Facebook,Wyoming,1,1
Social,Instagram,Hilo,1,1
Social,Twitter,Lexington,1,1
Search,Google,Greenfield,1,1
Direct,,Fredericton,1,1
Social,Instagram,Niceville,1,1
Search,Google,Winkler,1,1
Search,Google,Piscataway,1,1
Direct,,Avalon,1,1
Search,Google,Carmel,1,1
Direct,,Pune,1,1
Search,Google,West Chicago,1,1
Search,Google,Orleans,1,1
Social,Instagram,Amersham,1,1
Direct,,Jonesville,1,1
Search,Google,Mechanicsburg,1,1
Search,Google,River Falls,1,1
Social,Instagram,Sylvania,1,1
Search,Google,Locust Grove,1,1
Search,Google,Abingdon,1,1
Search,Google,De Forest,1,1
Search,Google,Port Orange,1,1
Direct,,Riverside,1,1
Search,Google,Zapopan,1,1
Search,Google,Desio,1,1
Social,Instagram,Costa Mesa,1,1
Direct,,Willow Street,1,1
Search,Google,Fountain Hill,1,1
Direct,,Hamilton,1,1
Social,Instagram,Irvine,1,1
Search,Google,Beckenham,1,1
Search,Google,Fergus,1,1
Search,Google,Fredericton,1,1
Search,Google,Frisco,1,1
Direct,,Pawtucket,1,1
Search,Google,Naperville,1,1
Direct,,Trenton,1,1
Search,Google,Las Cruces,1,1
Search,Google,Cagayan de Oro,1,1
Search,Google,Southlake,1,1
Direct,,Ogdensburg,1,1
Social,Instagram,Wandsworth,1,1
Direct,,East Providence,1,1
Search,Google,Fresno,1,1
Search,Google,Lytham St Annes,1,1
Social,Instagram,Niagara Falls,1,1
Search,Google,Haverfordwest,1,1
Search,Google,Portage,1,1
Direct,,New Port Richey,1,1
Social,Instagram,Centreville,1,1
Search,Google,Brookfield,1,1
Search,Google,Fort McMurray,1,1
Search,Google,Carpinteria,1,1
Social,Instagram,Arlington,1,1
Direct,,Ho Chi Minh City,1,1
Search,Google,Southampton,1,1
Direct,,Lutherville,1,1
Social,Instagram,Surrey,1,1
Search,Google,Denny,1,1
Search,Google,Wheat Ridge,1,1
Search,Google,Spring Hill,1,1
Social,Instagram,North Fort Myers,1,1
Search,Google,San Ramon,1,1
Search,Google,Sunnyside,1,1
Direct,,Monongahela,1,1
Social,Instagram,Roslindale,1,1
Direct,,Hohhot,1,1
Search,Google,Purley,1,1
Search,Google,South Lyon,1,1
Social,Instagram,Liverpool,1,1
Direct,,Jodhpur,1,1
Search,Google,Zurich,1,1
Search,Google,East Orange,1,1
Search,Google,Brighton,1,1
Direct,,Tracy,1,1
Search,Google,Alton,1,1
Direct,,Saskatoon,1,1
Social,Instagram,Honolulu,1,1
Direct,,Dongguan,1,1
Search,Google,Rochedale,1,1
Search,Google,Wynne,1,1
Social,Instagram,Cadillac,1,1
Search,Google,Lake Zurich,1,1
Search,Google,Delhi,1,1
Direct,,Croydon,1,1
Social,Instagram,St. Catharines,1,1
Direct,,Sugar Land,1,1
Search,Google,Eastaboga,1,1
Direct,,Holmfirth,1,1
Social,Instagram,Cleveland,1,1
Search,Google,Willoughby,1,1
Search,Google,Surrey,1,1
Direct,,Titusville,1,1
Social,Instagram,Appleton,1,1
Search,Google,Del Rio,1,1
Search,DuckDuckGo,Arteixo,1,1
Search,Google,Holly Ridge,1,1
Social,Instagram,Montreal,1,1
Search,Google,Stockholm,1,1
Search,Google,Pottstown,1,1
Search,Google,North Canton,1,1
Social,Instagram,Bend,1,1
Direct,,Dunellen,1,1
Search,Google,Grosse Ile Township,1,1
Direct,,Elmont,1,1
Search,Google,Antwerp,1,1
Search,Google,Raymore,1,1
Search,Google,Pawtucket,1,1
Direct,,New Westminster,1,1
Social,Instagram,San Anselmo,1,1
Search,Google,Nixa,1,1
Search,DuckDuckGo,Brooklyn,1,1
Search,Google,Oshawa,1,1
Social,Instagram,Oakland,1,1
Search,Google,Al Ain,1,1
Direct,,Asheville,1,1
Social,Instagram,Fishers,1,1
Search,Google,Eugene,1,1
Search,DuckDuckGo,Mechanicsville,1,1
Direct,,Iisvesi,1,1
Social,Instagram,Chapel Hill,1,1
Direct,,Rehoboth Beach,1,1
Search,Google,Kirkland,1,1
Direct,,Pleasanton,1,1
Social,Instagram,Matthews,1,1
Search,Google,Sampaloc,1,1
Search,DuckDuckGo,Louisville,1,1
Direct,,Ochlocknee,1,1
Social,Instagram,Lubbock,1,1
Direct,,Ningbo,1,1
Search,Google,Valley Stream,1,1
Search,Google,Welling,1,1
Social,Instagram,Vacaville,1,1
Direct,,Archbold,1,1
Search,DuckDuckGo,Sterling,1,1
Direct,,Maquoketa,1,1
Social,Instagram,Garrett,1,1
Direct,,Adelaide,1,1
Search,Google,Medina,1,1
Direct,,Shanghai,1,1
Search,Google,Bowie,1,1
Search,Google,Woodway,1,1
Search,DuckDuckGo,Omak,1,1
Search,Google,Yale,1,1
Social,Instagram,New Town,1,1
Direct,,Roubaix,1,1
Search,Google,Dundas,1,1
Direct,,Bellingham,1,1
Social,Instagram,Berthoud,1,1
Direct,,Chennai,1,1
Search,DuckDuckGo,Roxboro,1,1
Direct,,Scarsdale,1,1
Social,Instagram,South San Francisco,1,1
Direct,,Hebron,1,1
Search,Google,Skaerblacka,1,1
Direct,,Lorain,1,1
Social,Instagram,Elk Grove,1,1
Direct,,Wausau,1,1
Search,DuckDuckGo,Neuvy-Sautour,1,1
Search,Google,Massillon,1,1
Search,Google,Harrisburg,1,1
Direct,,Darlington,1,1
Search,Google,Spanga,1,1
Search,Google,Palmer,1,1
Search,Google,West Lafayette,1,1
Search,Google,Galena,1,1
Search,Google,Greenville,1,1
Search,Google,The Villages,1,1
Social,Instagram,Olney,1,1
Search,Google,Huntsville,1,1
Search,Google,Alexander City,1,1
Search,Google,Ilion,1,1
Social,Instagram,Lefroy,1,1
Search,Google,Green Bay,1,1
Search,DuckDuckGo,Brantford,1,1
Search,Google,Wilton,1,1
Social,Instagram,San Isidro,1,1
Search,Google,Bel Air,1,1
Search,Google,Winter Garden,1,1
Search,Google,Capelle aan den IJssel,1,1
Social,Instagram,Washington,1,1
Search,Google,Kelowna,1,1
Search,Yahoo!,Barrie,1,1
Search,Google,Rheinstetten,1,1
Social,Instagram,Valencia,1,1
Search,Google,Baldwin Park,1,1
Search,Google,Goodyear,1,1
Search,Google,Blackwood,1,1
Social,Instagram,Hixson,1,1
Direct,,Melbourne,1,1
Search,Yahoo!,Kelseyville,1,1
Search,Google,Liberty,1,1
Social,Instagram,New Boston,1,1
Direct,,Christchurch,1,1
Search,Google,Kingsey Falls,1,1
Direct,,Severn,1,1
Social,Instagram,San Clemente,1,1
Search,Google,Pilsen,1,1
Search,Google,Hood River,1,1
Direct,,Pirgachha,1,1
Social,Instagram,Chicago,1,1
Search,Google,Hsinchu,1,1
Search,Google,Naas,1,1
Direct,,Simpsonville,1,1
Social,Instagram,Fort Worth,1,1
Search,Google,Nieuwe-Niedorp,1,1
Search,Yahoo!,Chevy Chase,1,1
Direct,,Middlebury (village),1,1
Social,Instagram,Lakewood,1,1
Search,Google,Watford,1,1
Search,Google,Wernersville,1,1
Direct,,La Ronge,1,1
Social,Instagram,Mason,1,1
Search,Google,Virginia Beach,1,1
Search,Yahoo!,,1,1
Search,Google,Morpeth,1,1
Social,Instagram,Chula Vista,1,1
Direct,,Sammamish,1,1
Search,Google,Brussels,1,1
Search,Google,Mechanicsville,1,1
Social,Instagram,Stillwater,1,1
Direct,,Carmichael,1,1
Search,Bing,Swansea,1,1
Search,Google,Slemmestad,1,1
Social,Instagram,Salem,1,1
Search,Google,Rockport,1,1
Search,Google,Imphal,1,1
Direct,,Woodstock,1,1
Social,Instagram,Repentigny,1,1
Direct,,Frisco,1,1
Search,Bing,Tucson,1,1
Search,Google,Ilford,1,1
Social,Instagram,Samara,1,1
Direct,,Papillion,1,1
Search,Google,Wyandotte,1,1
Direct,,Karns City,1,1
Social,Instagram,Jamaica,1,1
Direct,,Brussels,1,1
Search,Bing,Spring,1,1
Search,Google,American Fork,1,1
Social,Instagram,La Habra,1,1
Direct,,Vilas,1,1
Search,Google,Tomah,1,1
Search,Google,Kitimat,1,1
Social,Instagram,Auburn,1,1
Direct,,Edinburg,1,1
Search,Bing,Houston,1,1
Direct,,Redmond,1,1
Social,Instagram,Riverside,1,1
Direct,,Shrewsbury,1,1
Search,Google,Des Plaines,1,1
Search,Google,Chapel Hill,1,1
Social,Instagram,Roermond,1,1
Search,Google,Youngstown,1,1
Search,Bing,Minneapolis,1,1
Direct,,Tropic,1,1
Social,Instagram,Corvallis,1,1
Direct,,Weatherford,1,1
Search,Google,Marlow,1,1
Direct,,Brigham City,1,1
Social,Instagram,Raleigh,1,1
Search,Google,North Little Rock,1,1
Search,Bing,Middletown,1,1
Direct,,Vermillion,1,1
Social,Instagram,Blackpool,1,1
Direct,,Georgetown,1,1
Search,Google,Garner,1,1
Direct,,Española,1,1
Search,Google,Hopkinton,1,1
Direct,,Suisun,1,1
Search,Bing,Midland,1,1
Search,Google,Richmond,1,1
Social,Instagram,Maynard,1,1
Direct,,Nampa,1,1
Search,Google,Subiaco,1,1
Direct,,Asbury Park,1,1
Search,Google,Munich,1,1
Direct,,Kyiv,1,1
Search,Bing,Carmichael,1,1
Search,Google,Woodstock,1,1
Social,Instagram,West Newton,1,1
Direct,,Charleston,1,1
Search,Google,Bettendorf,1,1
Search,Google,Westerville,1,1
Search,Google,Brigham City,1,1
Direct,,Springboro,1,1
Search,Bing,Fredericksburg,1,1
Direct,,West Valley City,1,1
Search,Google,McDonough,1,1
Search,Google,Moyock,1,1
Search,Google,West Horsley,1,1
Direct,,Hayward,1,1
Social,Instagram,Branford,1,1
Direct,,San Juan,1,1
Search,Bing,Harlingen,1,1
Search,Google,Butler,1,1
Social,Instagram,Pottstown,1,1
Search,Google,Ridgewood,1,1
Search,Google,Suisun,1,1
Direct,,Lansing,1,1
Social,Instagram,Oceanside,1,1
Direct,,Wethersfield,1,1
Search,MySearch,Downey,1,1
Direct,,Guelph,1,1
Social,Instagram,Akron,1,1
Search,Google,College Park,1,1
Search,Google,Ormskirk,1,1
Search,Google,Humble,1,1
Social,Instagram,Temecula,1,1
Search,Google,Narragansett,1,1
Search,Yandex,Voronezh,1,1
Direct,,Smiths,1,1
Search,Google,Cloverdale,1,1
Direct,,Cookeville,1,1
Search,Google,Madisonville,1,1
Search,Google,Napa,1,1
Social,Instagram,Greenwich,1,1
Direct,,Midland,1,1
Search,Yandex,Ufa,1,1
Search,Google,Odesa,1,1
Social,Instagram,Austin,1,1
Direct,,Bay Saint Louis,1,1
Search,Google,East Peoria,1,1
Direct,,Denison,1,1
Social,Instagram,Delta,1,1
Direct,,Duluth,1,1
Search,Yandex,Moscow,1,1
Direct,,New Lenox,1,1
Social,Instagram,Snellville,1,1
Search,Google,Hercules,1,1
Search,Google,Huntersville,1,1
Direct,,Paramount,1,1
Social,Instagram,Mexicali,1,1
Search,Google,Desamparados,1,1
Search,Ecosia,Huyagt,1,1
Direct,,Moncton,1,1
Social,Instagram,Boca Raton,1,1
Direct,,Fresno,1,1
Search,Google,Solan,1,1
Search,Google,Redmond,1,1
Social,Instagram,Geneva,1,1
Direct,,Corona del Mar,1,1
Search,Baidu,Liuzhou,1,1
Search,Google,Hays,1,1
Social,Instagram,Manville,1,1
Search,Google,Gdynia,1,1
Search,Google,Enterprise,1,1
Search,Google,Tallahassee,1,1
Social,Instagram,Oklahoma City,1,1
Search,Google,Saint James,1,1
Search,Baidu,Beijing,1,1
Direct,,Plainfield,1,1
Search,Google,Abbotsford,1,1
Direct,,Lowell,1,1
Search,Google,Kopavogur,1,1
Direct,,Perth,1,1
Social,Instagram,Madrid,1,1
Direct,,Barberton,1,1
Search,Comcast,Chicago,1,1
Search,Google,Geneva,1,1
Social,Instagram,Edinburgh,1,1
Direct,,Oak Park,1,1
Search,Google,Queensbury,1,1
Direct,,Esslingen am Neckar,1,1
Social,Instagram,Naples,1,1
Search,Google,East China Township,1,1
Unknown,,Gadsden,1,1
Direct,,Encino,1,1
Social,Instagram,Kitchener,1,1
Search,Google,Chandler,1,1
Search,Google,Peterborough,1,1
Search,Google,Québec,1,1
Social,Instagram,Eisenach,1,1
Search,Google,Lake Stevens,1,1
Unknown,,Toruń,1,1
Direct,,South Haven,1,1
Social,Instagram,Fairfax,1,1
Direct,,Gatineau,1,1
Search,Google,Berwyn,1,1
Direct,,West Lafayette,1,1
Social,Instagram,Tucson,1,1
Search,Google,Barberton,1,1
Unknown,,Sterling,1,1
Search,Google,Bradley Beach,1,1
Social,Pinterest,Philadelphia,1,1
Search,Google,Spirit River,1,1
Search,Google,Wakefield,1,1
Search,Google,Woodburn,1,1
Social,Pinterest,Oliver,1,1
Direct,,Van Nuys,1,1
Search,Google,Duncan,1,1
Direct,,Gloucester,1,1
Social,Pinterest,Surrey,1,1
Direct,,San Ramon,1,1
Search,Google,Jupiter,1,1
Direct,,Coldspring,1,1
Social,Pinterest,Paterna,1,1
Search,Google,Monsey,1,1
Unknown,,St. Catharines,1,1
Direct,,Clearwater,1,1
Social,Pinterest,Elkton,1,1
Direct,,Aime,1,1
Search,Google,Sunnyvale,1,1
Search,Google,Boston,1,1
Social,Pinterest,Harrisburg,1,1
Direct,,Bettendorf,1,1
Unknown,,Columbus,1,1
Direct,,Playa Vista,1,1
Social,Pinterest,Eight Mile Plains,1,1
Direct,,Leander,1,1
Search,Google,Wailuku,1,1
Search,Google,Hillsdale,1,1
Social,Pinterest,Averill Park,1,1
Direct,,Lomita,1,1
Unknown,,Reston,1,1
Direct,,Scarborough,1,1
Social,Pinterest,Torrance,1,1
Search,Google,National City,1,1
Search,Google,Ballston Spa,1,1
Search,Google,Denison,1,1
Social,Pinterest,Mugla,1,1
Direct,,Navarre,1,1
Search,Google,San Juan,1,1
Search,Google,Clinton Corners,1,1
Social,Pinterest,Zottegem,1,1
Search,Google,Mexico City,1,1
Search,Google,Evanston,1,1
Direct,,Woodinville,1,1
Social,Pinterest,Stamford,1,1
Direct,,Wellington,1,1
Unknown,,Roanoke,1,1
Search,Google,Alegria,1,1
Social,Pinterest,Palm Coast,1,1
Direct,,Gonzales,1,1
Search,Google,Lion's Head,1,1
Direct,,Lenexa,1,1
Social,Pinterest,Augusta,1,1
Direct,,Warrenton,1,1
Unknown,,High Point,1,1
Direct,,Bakersfield,1,1
Search,Google,Oregon City,1,1
Direct,,Crystal Lake,1,1
Search,Google,Kassel,1,1
Direct,,Westerville,1,1
Social,Pinterest,Raleigh,1,1
Search,Google,Parksville,1,1
Search,Google,Bartlett,1,1
Direct,,Utica,1,1
Social,Pinterest,Ilirska Bistrica,1,1
Search,Google,Felton,1,1
Search,Google,Glen Head,1,1
Search,Google,Gorham,1,1
Social,Pinterest,Farmington,1,1
Direct,,Burnsville,1,1
Unknown,,San Francisco,1,1
Search,Google,Tyngsboro,1,1
Social,Pinterest,Sydney,1,1
Search,Google,Allen,1,1
Search,Google,Beatrice,1,1
Direct,,Kunming,1,1
Social,Pinterest,Pittsburgh,1,1
Search,Google,Bremen,1,1
Unknown,,Lima,1,1
Search,Google,Covina,1,1
Social,Pinterest,Orillia,1,1
Search,Google,Hoboken,1,1
Search,Google,Fredericksburg,1,1
Direct,,Cassville,1,1
Social,Pinterest,Elgin,1,1
Direct,,Fayetteville,1,1
Search,Google,Indio,1,1
Direct,,The Bronx,1,1
Social,Pinterest,Frisco,1,1
Search,Google,Angers,1,1
Search,Google,Hampton,1,1
Search,Google,Vermillion,1,1
Social,Pinterest,Eau Claire,1,1
Direct,,Lakeville,1,1
Unknown,,Vancouver,1,1
Direct,,Antioch,1,1
Social,Pinterest,Leonardtown,1,1
Direct,,Bengaluru,1,1
Search,Google,Glenview,1,1
Search,Google,Vaughan,1,1
Social,Pinterest,Branson,1,1
Search,Google,Daytona Beach,1,1
Unknown,,St Petersburg,1,1
Direct,,Forest Hills,1,1
Social,Pinterest,Acopinalco del Penon,1,1
Search,Google,Bloomington,1,1
Search,Google,Duluth,1,1
Direct,,Euless,1,1
Social,Pinterest,Medford,1,1
Direct,,Ambala,1,1
Unknown,,Nottingham,1,1
Search,Google,Košice,1,1
Social,Pinterest,Mumbai,1,1
Search,Google,Florence,1,1
Search,Google,Barquisimeto,1,1
Search,Google,Alamo,1,1
Social,Pinterest,Little Rock,1,1
Search,Google,Shenzhen,1,1
Unknown,,Chandigarh,1,1
Search,Google,Morley,1,1
Social,Pinterest,Blackshear,1,1
Direct,,Lincoln,1,1
Search,Google,Round Lake,1,1
Direct,,Sykesville,1,1
Social,Pinterest,Diamond Bar,1,1
Search,Google,Maple Grove,1,1
Search,Google,Berkeley Springs,1,1
Direct,,Castleberry,1,1
Social,Pinterest,Moncton,1,1
Search,Google,Ho Chi Minh City,1,1
Search,Google,Glen Burnie,1,1
Direct,,Laurel,1,1
Social,Pinterest,Ruggell,1,1
Direct,,Middletown,1,1
Unknown,,Scarborough,1,1
Direct,,Memphis,1,1
Search,Google,Katy,1,1
Direct,,Twin Lakes,1,1
Search,Google,Hanford,1,1
Direct,,Lviv,1,1
Social,Pinterest,Gongju,1,1
Search,Google,Ciudad Nezahualcoyotl,1,1
Unknown,,Hamburg,1,1
Direct,,Saginaw,1,1
Social,Pinterest,Portland,1,1
Direct,,Tyrone,1,1
Search,Google,Lansing,1,1
Search,Google,North Vancouver,1,1
Social,Pinterest,Santa Ynez,1,1
Search,Google,Coleraine,1,1
Unknown,,Berthoud,1,1
Direct,,Helsinki,1,1
Social,Pinterest,Edmundston,1,1
Direct,,West Des Moines,1,1
Search,Google,New Carlisle,1,1
Direct,,Moreno Valley,1,1
Social,Pinterest,Lebanon,1,1
Direct,,Waltham,1,1
Unknown,,Queensbury,1,1
Direct,,Troy,1,1
Social,Pinterest,Lakeland,1,1
Direct,,Windhoek,1,1
Search,Google,Steamboat Springs,1,1
Search,Google,North East,1,1
Social,Pinterest,Kensington,1,1
Direct,,Florence,1,1
Unknown,,Godoy Cruz,1,1
Search,Google,Southbury,1,1
Social,Pinterest,Samsun,1,1
Direct,,Umeå,1,1
Search,Google,Salinas,1,1
Search,Google,Kingston,1,1
Social,Pinterest,Toronto,1,1
Search,Google,Frostburg,1,1
Unknown,,Gaithersburg,1,1
Direct,,Catonsville,1,1
Search,Google,Palm Beach Gardens,1,1
Search,Google,Cortez,1,1
Search,Google,Lahore,1,1
Search,Google,Plainfield,1,1
Social,Pinterest,Budapest,1,1
Search,Google,Avondale Estates,1,1
Unknown,,Curwensville,1,1
Direct,,Dhaka,1,1
Social,Pinterest,Parkesburg,1,1
Search,Google,Elmhurst,1,1
Search,Google,Wetaskiwin,1,1
Search,Google,Freeport,1,1
Social,Pinterest,Comilla,1,1
Direct,,Mentor,1,1
Unknown,,Delhi,1,1
Direct,,Munich,1,1
Social,Pinterest,Wesley Chapel,1,1
Search,Google,Prague,1,1
Search,Google,Centurion,1,1
Direct,,Sioux City,1,1
Search,Google,Chisinau,1,1
Direct,,Crystal,1,1
Search,Google,Stuttgart,1,1
Direct,,Rhinebeck,1,1
Search,Google,Buckfield,1,1
Search,Google,Port Townsend,1,1
Search,Google,Murrysville,1,1
Direct,,Dordrecht,1,1
Search,Google,Cape May Court House,1,1
Direct,,Mariehamn,1,1
Unknown,,Chester,1,1
Direct,,Aalsmeer,1,1
Social,Pinterest,Tucson,1,1
Search,Google,Apopka,1,1
Search,Google,Marshville,1,1
Direct,,Brampton,1,1
Social,Pinterest,Kerhonkson,1,1
Direct,,Ephrata,1,1
Unknown,,New Orleans,1,1
Search,Google,Carrollton,1,1
Social,Pinterest,Porto,1,1
Direct,,Wimberley,1,1
Search,Google,Budd Lake,1,1
Search,Google,Carlisle,1,1
Social,Pinterest,Palmer,1,1
Direct,,Central,1,1
Unknown,,Heathfield,1,1
Direct,,Pittsboro,1,1
Social,Pinterest,Seattle,1,1
Search,Google,Pretoria,1,1
Search,Google,Sicklerville,1,1
Direct,,Huntersville,1,1
Social,Pinterest,Corona,1,1
Search,Google,Newport,1,1
Unknown,,Lafayette,1,1
Search,Google,Cordova,1,1
Social,Pinterest,Barrie,1,1
Search,Google,Bay Village,1,1
Search,Google,Coventry,1,1
Search,Google,Rüsselsheim am Main,1,1
Social,Pinterest,Athens,1,1
Direct,,Fraserburgh,1,1
Unknown,,Scottsdale,1,1
Search,Google,Westfield,1,1
Social,Pinterest,Springfield,1,1
Search,Google,San Benedetto del Tronto,1,1
Search,Google,Nairobi,1,1
Direct,,Pikeville,1,1
Social,Pinterest,Nazareth,1,1
Direct,,Virginia Beach,1,1
Unknown,,Aberdeen,1,1
Direct,,Havre de Grace,1,1
Social,Pinterest,Brisbane,1,1
Direct,,Cranston,1,1
Search,Google,Cherry Hill,1,1
Direct,,Watertown,1,1
Social,Pinterest,Dorchester,1,1
Direct,,Sainte-Agathe-des-Monts,1,1
Unknown,,Fairfax,1,1
Search,Google,York,1,1
Social,Pinterest,The Bronx,1,1
Direct,,Le Roy,1,1
Search,Google,Easton,1,1
Direct,,Trofaiach,1,1
Social,Pinterest,Regina,1,1
Direct,,Piqua,1,1
Unknown,,Altamonte Springs,1,1
Direct,,Dunn Loring,1,1
Social,Pinterest,Villa Park,1,1
Search,Google,Larchmont,1,1
Search,Google,Miskolc,1,1
Direct,,Rockport,1,1
Social,Pinterest,Saint Paul,1,1
Search,Google,Crete,1,1
Search,Google,Normal,1,1
Search,Google,Shreveport,1,1
Social,Pinterest,Grand Blanc,1,1
Search,Google,Woodville,1,1
Search,Google,Maltepe,1,1
Search,Google,West Tisbury,1,1
Social,Pinterest,Roswell,1,1
Direct,,Brandon,1,1
Search,Google,Williamsport,1,1
Search,Google,Doncaster,1,1
Social,Pinterest,Houston,1,1
Search,Google,East Chatham,1,1
Search,Google,Rhinebeck,1,1
Search,Google,Santa Cruz,1,1
Social,Pinterest,Somerset,1,1
Search,Google,Potomac,1,1
Search,Google,Severn,1,1
Direct,,Leland,1,1
Social,Pinterest,Brighton,1,1
Search,Google,Morrisville,1,1
Search,Google,Galt,1,1
Direct,,Issaquah,1,1
Social,Pinterest,Quarona,1,1
Search,Google,Gatineau,1,1
Unknown,,Ellicott City,1,1
Search,Google,Hudsonville,1,1
Social,Pinterest,San Antonio,1,1
Direct,,Lannon,1,1
Search,Google,St. Albert,1,1
Direct,,Ironwood,1,1
Social,Pinterest,Copenhagen,1,1
Direct,,Spanaway,1,1
Search,Google,Saginaw,1,1
Direct,,McCall,1,1
Social,Pinterest,Centurion,1,1
Direct,,Cleburne,1,1
Search,Google,Augusta,1,1
Search,Google,Stroud,1,1
Social,Pinterest,Brea,1,1
Search,Google,Wethersfield,1,1
Search,Google,Euless,1,1
Search,Google,Barcelona,1,1
Social,Pinterest,Bangkok,1,1
Direct,,Canonsburg,1,1
Search,Google,Canton,1,1
Direct,,Export,1,1
Social,Pinterest,Sparks,1,1
Search,Google,East Greenbush,1,1
Unknown,,Hayes,1,1
Search,Google,Largo,1,1
Social,Pinterest,Forel,1,1
Direct,,Partizansk,1,1
Search,Google,Aldie,1,1
Search,Google,Landisburg,1,1
Social,Pinterest,Mason,1,1
Direct,,Haverstraw,1,1
Unknown,,Elgin,1,1
Search,Google,Omak,1,1
Social,Pinterest,Holt,1,1
Direct,,Bristol,1,1
Search,Google,Union City,1,1
Search,Google,La Crescenta,1,1
Social,Pinterest,Reykjavik,1,1
Direct,,Uster,1,1
Search,Google,Greensburg,1,1
Direct,,Elkton,1,1
Social,Pinterest,Oshawa,1,1
Search,Google,Playa Vista,1,1
Search,Google,Altrincham,1,1
Search,Google,Spartanburg,1,1
Social,Pinterest,Dallas,1,1
Direct,,Park Ridge,1,1
Unknown,,Battle Creek,1,1
Search,Google,Central Islip,1,1
Social,Pinterest,Central,1,1
Direct,,Jinan,1,1
Search,Google,Yorba Linda,1,1
Search,Google,Roseburg,1,1
Social,Pinterest,Duncan,1,1
Direct,,Fallbrook,1,1
Search,Google,Richlands,1,1
Direct,,Abbotsford,1,1
Social,Pinterest,Lombard,1,1
Direct,,Metairie,1,1
Search,Google,Hagfors,1,1
Direct,,Longmont,1,1
Social,Pinterest,Dothan,1,1
Direct,,Murray,1,1
Unknown,,Grenoble,1,1
Direct,,Chelyabinsk,1,1
Social,Pinterest,Everswinkel,1,1
Direct,,Wallkill,1,1
Search,Google,Centereach,1,1
Email,AOL Mail,Gardena,1,1
Social,Pinterest,Commerce,1,1
Direct,,Danville,1,1
Unknown,,Minneapolis,1,1
Email,Gmail,Flagstaff,1,1
Social,Facebook,Seattle,1,1
Direct,,Leonardtown,1,1
Search,Google,Silver City,1,1
Email,Gmail,New Orleans,1,1
Search,Google,Lisbon,1,1
Direct,,Fort Edward,1,1
Unknown,,Ft. Washington,1,1
Direct,,Walton,1,1
Search,Google,Neuss,1,1
Direct,,Iași,1,1
Search,Google,Felbridge,1,1
Direct,,Kelowna,1,1
Search,Google,Long Island City,1,1
Email,Gmail,Rio Vista,1,1
Unknown,,Adams,1,1
Direct,,Salem,1,1
Search,Google,Launceston,1,1
Email,Gmail,Salinas,1,1
Search,Google,San Fernando,1,1
Direct,,Durango,1,1
Search,Google,Clearwater,1,1
Email,Gmail,New York,1,1
Unknown,,Miami,1,1
Email,Yahoo! Mail,Fairfax,1,1
Search,Google,Kurgan,1,1
Direct,,Greenwich,1,1
Search,Google,Reseda,1,1
Direct,,Chouteau,1,1
Search,Google,Scio,1,1
Search,Google,Talisay City,1,1
Search,Google,Arnaudville,1,1
Search,Google,Benson,1,1
Search,Google,Gardner,1,1
Search,Google,Grovetown,1,1
Search,Google,Boulder,1,1
Search,Google,Corpus Christi,1,1
Search,DuckDuckGo,Bolingbrook,1,1
Social,Instagram,Goshen,1,1
Search,Google,The Colony,1,1
